url_path,views_total,views_unique
/OSU-Nowlab/Infer-HiRes,14,1
/OSU-Nowlab/Infer-HiRes/tree/main/benchmarks,12,1
/OSU-Nowlab/Infer-HiRes/tree/github-repo-stats/OSU-Nowlab/Infer-HiRes,8,1
/OSU-Nowlab/Infer-HiRes/tree/github-repo-stats/OSU-Nowlab/Infer-HiRes/latest-report,7,1
/OSU-Nowlab/Infer-HiRes/blob/github-repo-stats/OSU-Nowlab/Infer-HiRes/latest-report/report.pdf,6,1
/OSU-Nowlab/Infer-HiRes/tree/main/benchmarks/gems_master_model,6,1
/OSU-Nowlab/Infer-HiRes/tree/github-repo-stats,5,1
/OSU-Nowlab/Infer-HiRes/tree/main/benchmarks/single_gpu_inference,5,1
/OSU-Nowlab/Infer-HiRes/pull/2,4,1
/OSU-Nowlab/Infer-HiRes/tree/main/benchmarks/layer_parallelism,4,1
